{
    "0": {
        "size": [
            10,
            10
        ],
        "pos": [
            0,
            0
        ]
    },
    "1": {
        "size": [
            11.666666666666666,
            11.666666666666666
        ],
        "pos": [
            6.666666666666667,
            6.666666666666667
        ]
    },
    "2": {
        "size": [
            13.333333333333332,
            13.333333333333332
        ],
        "pos": [
            13.333333333333334,
            13.333333333333334
        ]
    },
    "3": {
        "size": [
            14.999999999999998,
            14.999999999999998
        ],
        "pos": [
            20.0,
            20.0
        ]
    },
    "4": {
        "size": [
            16.666666666666664,
            16.666666666666664
        ],
        "pos": [
            26.666666666666668,
            26.666666666666668
        ]
    },
    "5": {
        "size": [
            18.333333333333332,
            18.333333333333332
        ],
        "pos": [
            33.333333333333336,
            33.333333333333336
        ]
    },
    "6": {
        "size": [
            20.0,
            20.0
        ],
        "pos": [
            40.0,
            40.0
        ]
    },
    "7": {
        "size": [
            21.666666666666668,
            21.666666666666668
        ],
        "pos": [
            46.666666666666664,
            46.666666666666664
        ]
    },
    "8": {
        "size": [
            23.333333333333336,
            23.333333333333336
        ],
        "pos": [
            53.33333333333333,
            53.33333333333333
        ]
    },
    "9": {
        "size": [
            25.000000000000004,
            25.000000000000004
        ],
        "pos": [
            59.99999999999999,
            59.99999999999999
        ]
    },
    "10": {
        "size": [
            26.66666666666667,
            26.66666666666667
        ],
        "pos": [
            66.66666666666666,
            66.66666666666666
        ]
    },
    "11": {
        "size": [
            28.33333333333334,
            28.33333333333334
        ],
        "pos": [
            73.33333333333333,
            73.33333333333333
        ]
    },
    "12": {
        "size": [
            30.000000000000007,
            30.000000000000007
        ],
        "pos": [
            80.0,
            80.0
        ]
    },
    "13": {
        "size": [
            31.666666666666675,
            31.666666666666675
        ],
        "pos": [
            86.66666666666667,
            86.66666666666667
        ]
    },
    "14": {
        "size": [
            33.33333333333334,
            33.33333333333334
        ],
        "pos": [
            93.33333333333334,
            93.33333333333334
        ]
    },
    "15": {
        "size": [
            35.00000000000001,
            35.00000000000001
        ],
        "pos": [
            100.00000000000001,
            100.00000000000001
        ]
    },
    "16": {
        "size": [
            36.66666666666667,
            36.66666666666667
        ],
        "pos": [
            106.66666666666669,
            106.66666666666669
        ]
    },
    "17": {
        "size": [
            38.333333333333336,
            38.333333333333336
        ],
        "pos": [
            113.33333333333336,
            113.33333333333336
        ]
    },
    "18": {
        "size": [
            40.0,
            40.0
        ],
        "pos": [
            120.00000000000003,
            120.00000000000003
        ]
    },
    "19": {
        "size": [
            41.666666666666664,
            41.666666666666664
        ],
        "pos": [
            126.6666666666667,
            126.6666666666667
        ]
    },
    "20": {
        "size": [
            43.33333333333333,
            43.33333333333333
        ],
        "pos": [
            133.33333333333337,
            133.33333333333337
        ]
    },
    "21": {
        "size": [
            44.99999999999999,
            44.99999999999999
        ],
        "pos": [
            140.00000000000003,
            140.00000000000003
        ]
    },
    "22": {
        "size": [
            46.66666666666666,
            46.66666666666666
        ],
        "pos": [
            146.66666666666669,
            146.66666666666669
        ]
    },
    "23": {
        "size": [
            48.33333333333332,
            48.33333333333332
        ],
        "pos": [
            153.33333333333334,
            153.33333333333334
        ]
    },
    "24": {
        "size": [
            49.999999999999986,
            49.999999999999986
        ],
        "pos": [
            160.0,
            160.0
        ]
    },
    "25": {
        "size": [
            51.66666666666665,
            51.66666666666665
        ],
        "pos": [
            166.66666666666666,
            166.66666666666666
        ]
    },
    "26": {
        "size": [
            53.333333333333314,
            53.333333333333314
        ],
        "pos": [
            173.33333333333331,
            173.33333333333331
        ]
    },
    "27": {
        "size": [
            54.99999999999998,
            54.99999999999998
        ],
        "pos": [
            179.99999999999997,
            179.99999999999997
        ]
    },
    "28": {
        "size": [
            56.66666666666664,
            56.66666666666664
        ],
        "pos": [
            186.66666666666663,
            186.66666666666663
        ]
    },
    "29": {
        "size": [
            58.33333333333331,
            58.33333333333331
        ],
        "pos": [
            193.3333333333333,
            193.3333333333333
        ]
    },
    "30": {
        "size": [
            59.99999999999997,
            59.99999999999997
        ],
        "pos": [
            199.99999999999994,
            199.99999999999994
        ]
    },
    "31": {
        "size": [
            61.666666666666636,
            61.666666666666636
        ],
        "pos": [
            206.6666666666666,
            206.6666666666666
        ]
    },
    "32": {
        "size": [
            63.3333333333333,
            63.3333333333333
        ],
        "pos": [
            213.33333333333326,
            213.33333333333326
        ]
    },
    "33": {
        "size": [
            64.99999999999997,
            64.99999999999997
        ],
        "pos": [
            219.99999999999991,
            219.99999999999991
        ]
    },
    "34": {
        "size": [
            66.66666666666664,
            66.66666666666664
        ],
        "pos": [
            226.66666666666657,
            226.66666666666657
        ]
    },
    "35": {
        "size": [
            68.33333333333331,
            68.33333333333331
        ],
        "pos": [
            233.33333333333323,
            233.33333333333323
        ]
    },
    "36": {
        "size": [
            69.99999999999999,
            69.99999999999999
        ],
        "pos": [
            239.9999999999999,
            239.9999999999999
        ]
    },
    "37": {
        "size": [
            71.66666666666666,
            71.66666666666666
        ],
        "pos": [
            246.66666666666654,
            246.66666666666654
        ]
    },
    "38": {
        "size": [
            73.33333333333333,
            73.33333333333333
        ],
        "pos": [
            253.3333333333332,
            253.3333333333332
        ]
    },